<?xml version="1.0" encoding="UTF-8"?>
<project-private xmlns="http://www.netbeans.org/ns/project-private/1">
    <editor-bookmarks xmlns="http://www.netbeans.org/ns/editor-bookmarks/2" lastBookmarkId="0"/>
    <open-files xmlns="http://www.netbeans.org/ns/projectui-open-files/2">
        <group>
            <file>file:/C:/Users/Usuario/Desktop/DS/Practicas/P2/P2/src/Modelo/velocidad/Pedal.java</file>
            <file>file:/C:/Users/Usuario/Desktop/DS/Practicas/P2/P2/src/Modelo/velocidad/CadenaFiltros.java</file>
            <file>file:/C:/Users/Usuario/Desktop/DS/Practicas/P2/P2/src/Modelo/velocidad/EstadoMotor.java</file>
            <file>file:/C:/Users/Usuario/Desktop/DS/Practicas/P2/P2/src/VistaControlador/Cuentarrevoluciones.java</file>
            <file>file:/C:/Users/Usuario/Desktop/DS/Practicas/P2/P2/src/Modelo/velocidad/HebraActualizar.java</file>
            <file>file:/C:/Users/Usuario/Desktop/DS/Practicas/P2/P2/src/VistaControlador/LlaveContactoGUI.java</file>
            <file>file:/C:/Users/Usuario/Desktop/DS/Practicas/P2/P2/src/VistaControlador/Velocimetro.java</file>
            <file>file:/C:/Users/Usuario/Desktop/DS/Practicas/P2/P2/src/Modelo/velocidad/Vehiculo.java</file>
            <file>file:/C:/Users/Usuario/Desktop/DS/Practicas/P2/P2/src/VistaControlador/PalancaGUI.java</file>
            <file>file:/C:/Users/Usuario/Desktop/DS/Practicas/P2/P2/src/VistaControlador/MonitorEstado.java</file>
            <file>file:/C:/Users/Usuario/Desktop/DS/Practicas/P2/P2/src/Modelo/monitorizacion/Salpicadero.java</file>
            <file>file:/C:/Users/Usuario/Desktop/DS/Practicas/P2/P2/src/Modelo/velocidad/Frenando.java</file>
            <file>file:/C:/Users/Usuario/Desktop/DS/Practicas/P2/P2/src/VistaControlador/MonitorVelocidadCrucero.java</file>
            <file>file:/C:/Users/Usuario/Desktop/DS/Practicas/P2/P2/src/VistaControlador/Cuentakilometros.java</file>
            <file>file:/C:/Users/Usuario/Desktop/DS/Practicas/P2/P2/src/VistaControlador/Vista.java</file>
            <file>file:/C:/Users/Usuario/Desktop/DS/Practicas/P2/P2/src/Modelo/velocidad/PosicionPalanca.java</file>
            <file>file:/C:/Users/Usuario/Desktop/DS/Practicas/P2/P2/src/Modelo/velocidad/FiltroRepercutirRozamiento.java</file>
            <file>file:/C:/Users/Usuario/Desktop/DS/Practicas/P2/P2/src/Modelo/velocidad/Encendido.java</file>
            <file>file:/C:/Users/Usuario/Desktop/DS/Practicas/P2/P2/src/Modelo/velocidad/Palanca.java</file>
            <file>file:/C:/Users/Usuario/Desktop/DS/Practicas/P2/P2/src/Modelo/velocidad/FiltroCalcularVelocidad.java</file>
            <file>file:/C:/Users/Usuario/Desktop/DS/Practicas/P2/P2/src/Modelo/velocidad/Filtro.java</file>
            <file>file:/C:/Users/Usuario/Desktop/DS/Practicas/P2/P2/src/Modelo/velocidad/Apagado.java</file>
            <file>file:/C:/Users/Usuario/Desktop/DS/Practicas/P2/P2/src/Modelo/velocidad/Pedales.java</file>
            <file>file:/C:/Users/Usuario/Desktop/DS/Practicas/P2/P2/src/Modelo/velocidad/Acelerando.java</file>
            <file>file:/C:/Users/Usuario/Desktop/DS/Practicas/P2/P2/src/Modelo/velocidad/Reiniciar.java</file>
            <file>file:/C:/Users/Usuario/Desktop/DS/Practicas/P2/P2/src/VistaControlador/PedalesGUI.java</file>
            <file>file:/C:/Users/Usuario/Desktop/DS/Practicas/P2/P2/src/Modelo/monitorizacion/HebraSalpicadero.java</file>
            <file>file:/C:/Users/Usuario/Desktop/DS/Practicas/P2/P2/src/Modelo/velocidad/Manteniendo.java</file>
            <file>file:/C:/Users/Usuario/Desktop/DS/Practicas/P2/P2/src/Modelo/velocidad/Estado.java</file>
            <file>file:/C:/Users/Usuario/Desktop/DS/Practicas/P2/P2/src/VistaControlador/Controlador.java</file>
            <file>file:/C:/Users/Usuario/Desktop/DS/Practicas/P2/P2/src/Modelo/velocidad/GestorFiltros.java</file>
            <file>file:/C:/Users/Usuario/Desktop/DS/Practicas/P2/P2/src/Modelo/velocidad/Componentes.java</file>
            <file>file:/C:/Users/Usuario/Desktop/DS/Practicas/P2/P2/src/VistaControlador/P2Applet.java</file>
            <file>file:/C:/Users/Usuario/Desktop/DS/Practicas/P2/P2/src/Modelo/velocidad/LlaveContacto.java</file>
        </group>
    </open-files>
</project-private>
